Tweet Content,Likes,Retweets,Virality,Number of Hashtags
Attended a session on crypto. Didn't get much from it though. #Crypto #Bitcoin #Blockchain,100,28,Non-Viral,3
Layering is key this fall üçÇ #FashionTips,86,12,Non-Viral,1
startups is important... or so they say. Still figuring it out. #Innovation #Startup,81,31,Non-Viral,2
coding is the talk of the tech world right now. It's fascinating to see it unfold. #DevLife #Programming,2491,1515,Viral,2
That movie twist caught me off guard üò± #MustWatch,1193,325,Viral,1
Elections coming up. Make sure you're registered to vote!,689,654,Viral,0
Traveling solo really opens your mind. #Wanderlust,1652,495,Viral,1
"Had a long day, but still tried reading up on mental health. Not much progress. #SelfCare",51,20,Non-Viral,1
Attended a session on mental health. Didn't get much from it though. #MentalHealth #Wellbeing #SelfCare,71,15,Non-Viral,3
Can‚Äôt believe that call by the referee. Totally changed the match!,991,526,Viral,0
Can't believe how far healthcare has come in such a short time. The potential is huge. #Healthcare,1926,938,Viral,1
space is transforming industries with its rapid advancements. Everyone's watching closely. #NASA #Space,2973,657,Viral,2
Award season is here! Who do you think deserves Best Actor?,831,1138,Viral,0
I guess crypto might matter someday. Who knows. #Bitcoin,38,39,Non-Viral,1
That movie twist caught me off guard üò± #MustWatch,1173,1091,Viral,1
Online learning has totally changed how I view education.,1149,524,Viral,0
Another unicorn startup raised millions. Insane growth!,65,64,Non-Viral,0
Traveling solo really opens your mind. #Wanderlust,1751,1485,Viral,1
Layering is key this fall üçÇ #FashionTips,1421,1500,Viral,1
What a game last night! Unreal performance by the underdogs!,878,1188,Viral,0
Started journaling and it's honestly therapeutic.,1012,1181,Viral,0
Started journaling and it's honestly therapeutic.,62,62,Non-Viral,0
Layering is key this fall üçÇ #FashionTips,683,325,Viral,1
education is the talk of the tech world right now. It's fascinating to see it unfold. #Learning,1823,1934,Viral,1
Not sure why AI trends all the time. I don't see what the hype is about. #AI #TechTrends,121,11,Non-Viral,2
Trying meditation daily now. Mental clarity is a game changer üßò,40,28,Non-Viral,0
Trying meditation daily now. Mental clarity is a game changer üßò,42,25,Non-Viral,0
Traveling solo really opens your mind. #Wanderlust,44,62,Non-Viral,1
Attended a session on crypto. Didn't get much from it though. #Bitcoin #Crypto #Blockchain,137,18,Non-Viral,3
fitness is the talk of the tech world right now. It's fascinating to see it unfold. #Workout #Fitness,2128,602,Viral,2
Vintage is the new modern. Love this 90s aesthetic!,54,72,Non-Viral,0
Spending the weekend learning about space. Wish me luck. #Exploration #Space,75,27,Non-Viral,2
Food trucks are underrated. That grilled cheese tho üëå,1935,1156,Viral,0
climate change is transforming industries with its rapid advancements. Everyone's watching closely. #GreenFuture,721,1620,Viral,1
mental health is important... or so they say. Still figuring it out. #Wellbeing,68,31,Non-Viral,1
Attended a session on AI. Didn't get much from it though. #TechTrends #AI #ArtificialIntelligence,5,25,Non-Viral,3
What a game last night! Unreal performance by the underdogs!,21,48,Non-Viral,0
Food trucks are underrated. That grilled cheese tho üëå,62,58,Non-Viral,0
Online learning has totally changed how I view education.,63,71,Non-Viral,0
Breaking developments in healthcare are changing everything. Here's why it matters. #Healthcare #HealthTech,2515,522,Viral,2
Just posted my first blog on AI. Hope someone reads it. #AI #ArtificialIntelligence #TechTrends,70,11,Non-Viral,3
Can't believe how far AI has come in such a short time. The potential is huge. #TechTrends,2384,1716,Viral,1
Another unicorn startup raised millions. Insane growth!,93,54,Non-Viral,0
climate change is the talk of the tech world right now. It's fascinating to see it unfold. #GreenFuture,722,1615,Viral,1
An insightful read on space and how it's influencing major shifts worldwide. #NASA,717,301,Viral,1
Started journaling and it's honestly therapeutic.,1435,306,Viral,0
fitness is the talk of the tech world right now. It's fascinating to see it unfold. #Fitness #Workout #Health,2642,1222,Viral,3
An insightful read on startups and how it's influencing major shifts worldwide. #Entrepreneur #Innovation,1239,338,Viral,2
Another unicorn startup raised millions. Insane growth!,67,78,Non-Viral,0
Discovered this new ramen place‚Äîlife changing üçú,52,38,Non-Viral,0
My thoughts on fitness are probably not that popular. Still sharing them. #Workout #Health,15,5,Non-Viral,2
Breaking developments in healthcare are changing everything. Here's why it matters. #MedicalInnovation #HealthTech #Healthcare,1922,1929,Viral,3
Breaking developments in coding are changing everything. Here's why it matters. #Coding,1636,1487,Viral,1
Why don't schools teach personal finance? ü§∑‚Äç‚ôÇÔ∏è,1850,1117,Viral,0
Not sure why startups trends all the time. I don't see what the hype is about. #Innovation #Entrepreneur #Startup,97,25,Non-Viral,3
healthcare is transforming industries with its rapid advancements. Everyone's watching closely. #Healthcare #HealthTech #MedicalInnovation,1254,818,Viral,3
startups is important... or so they say. Still figuring it out. #Innovation #Startup,90,3,Non-Viral,2
I guess fitness might matter someday. Who knows. #Fitness #Health #Workout,46,37,Non-Viral,3
Spending the weekend learning about education. Wish me luck. #Education #Learning,86,26,Non-Viral,2
crypto is important... or so they say. Still figuring it out. #Crypto #Bitcoin,85,2,Non-Viral,2
Another unicorn startup raised millions. Insane growth!,1655,439,Viral,0
My thoughts on crypto are probably not that popular. Still sharing them. #Crypto,32,32,Non-Viral,1
startups is the talk of the tech world right now. It's fascinating to see it unfold. #Innovation,2492,473,Viral,1
Food trucks are underrated. That grilled cheese tho üëå,92,30,Non-Viral,0
healthcare is transforming industries with its rapid advancements. Everyone's watching closely. #MedicalInnovation #HealthTech,2382,1857,Viral,2
An insightful read on space and how it's influencing major shifts worldwide. #Space #NASA,2146,1947,Viral,2
Can‚Äôt believe that call by the referee. Totally changed the match!,64,18,Non-Viral,0
education is transforming industries with its rapid advancements. Everyone's watching closely. #EdTech #Learning #Education,1146,811,Viral,3
Attended a session on AI. Didn't get much from it though. #AI,126,31,Non-Viral,1
Debate night! Who do you think made the strongest case?,48,13,Non-Viral,0
An insightful read on fitness and how it's influencing major shifts worldwide. #Health,2376,475,Viral,1
Spending the weekend learning about space. Wish me luck. #Space #NASA #Exploration,64,32,Non-Viral,3
Minimalism isn't just a trend‚Äîit's a mindset shift. #Lifestyle,89,70,Non-Viral,1
"Trying to understand healthcare, but it's kinda confusing. #MedicalInnovation",56,11,Non-Viral,1
Startups are solving problems traditional firms overlooked.,56,11,Non-Viral,0
An insightful read on startups and how it's influencing major shifts worldwide. #Entrepreneur #Innovation #Startup,2392,1754,Viral,3
Award season is here! Who do you think deserves Best Actor?,1123,566,Viral,0
I guess education might matter someday. Who knows. #Education,26,4,Non-Viral,1
Booked a trip to Iceland! Can‚Äôt wait to see the Northern Lights ‚ùÑÔ∏è,22,51,Non-Viral,0
Can't stop thinking about the latest episode of that show üò≠üî•,54,55,Non-Viral,0
mental health is transforming industries with its rapid advancements. Everyone's watching closely. #SelfCare,2654,1870,Viral,1
My thoughts on startups are probably not that popular. Still sharing them. #Startup,92,29,Non-Viral,1
Market is wild today. Tech stocks are crashing üìâ,19,76,Non-Viral,0
"Had a long day, but still tried reading up on climate change. Not much progress. #Sustainability #ClimateChange",58,37,Non-Viral,2
Breaking developments in healthcare are changing everything. Here's why it matters. #MedicalInnovation #HealthTech,552,1680,Viral,2
Homemade sourdough hits different üî• #Baking,54,39,Non-Viral,1
New policies announced today could impact millions. Thoughts?,29,24,Non-Viral,0
Another unicorn startup raised millions. Insane growth!,1125,456,Viral,0
AI is important... or so they say. Still figuring it out. #AI #ArtificialIntelligence #TechTrends,75,9,Non-Viral,3
My thoughts on climate change are probably not that popular. Still sharing them. #Sustainability,34,4,Non-Viral,1
coding is the talk of the tech world right now. It's fascinating to see it unfold. #DevLife #Programming,1984,496,Viral,2
New policies announced today could impact millions. Thoughts?,1964,571,Viral,0
Can't believe how far education has come in such a short time. The potential is huge. #EdTech #Learning #Education,1910,482,Viral,3
Can't believe how far mental health has come in such a short time. The potential is huge. #SelfCare #MentalHealth #Wellbeing,1067,1740,Viral,3
That movie twist caught me off guard üò± #MustWatch,6,11,Non-Viral,1
Can't stop thinking about the latest episode of that show üò≠üî•,1425,1239,Viral,0
"Learning about mental health. It's okay, I guess. #SelfCare",111,2,Non-Viral,1
My thoughts on education are probably not that popular. Still sharing them. #Education,20,30,Non-Viral,1
Started journaling and it's honestly therapeutic.,1978,835,Viral,0
healthcare is transforming industries with its rapid advancements. Everyone's watching closely. #HealthTech,1106,1316,Viral,1
An insightful read on fitness and how it's influencing major shifts worldwide. #Workout #Health,668,499,Viral,2
Thrift shopping finds >>> Fast fashion,66,37,Non-Viral,0
Just posted my first blog on space. Hope someone reads it. #Exploration,8,18,Non-Viral,1
Can't believe how far mental health has come in such a short time. The potential is huge. #SelfCare #MentalHealth,1352,866,Viral,2
"Had a long day, but still tried reading up on climate change. Not much progress. #Sustainability #ClimateChange",102,6,Non-Viral,2
"Trying to understand mental health, but it's kinda confusing. #MentalHealth",114,21,Non-Viral,1
That movie twist caught me off guard üò± #MustWatch,887,1195,Viral,1
Spending the weekend learning about startups. Wish me luck. #Entrepreneur #Innovation,122,2,Non-Viral,2
My thoughts on space are probably not that popular. Still sharing them. #Exploration #NASA #Space,65,28,Non-Viral,3
Debate night! Who do you think made the strongest case?,1077,1163,Viral,0
An insightful read on startups and how it's influencing major shifts worldwide. #Startup #Entrepreneur,1537,1027,Viral,2
Can't stop thinking about the latest episode of that show üò≠üî•,12,48,Non-Viral,0
An insightful read on space and how it's influencing major shifts worldwide. #Exploration #NASA #Space,1321,1046,Viral,3
space is the talk of the tech world right now. It's fascinating to see it unfold. #NASA,869,1112,Viral,1
Can't stop thinking about the latest episode of that show üò≠üî•,1211,1106,Viral,0
Spending the weekend learning about crypto. Wish me luck. #Blockchain,59,29,Non-Viral,1
climate change is the talk of the tech world right now. It's fascinating to see it unfold. #Sustainability #ClimateChange #GreenFuture,2215,309,Viral,3
Debate night! Who do you think made the strongest case?,1248,1201,Viral,0
"Learning about fitness. It's okay, I guess. #Workout",39,6,Non-Viral,1
Can't believe how far mental health has come in such a short time. The potential is huge. #MentalHealth #SelfCare,830,313,Viral,2
"Had a long day, but still tried reading up on crypto. Not much progress. #Crypto #Blockchain",19,21,Non-Viral,2
My thoughts on mental health are probably not that popular. Still sharing them. #SelfCare,108,8,Non-Viral,1
Can't believe how far fitness has come in such a short time. The potential is huge. #Workout #Fitness,939,670,Viral,2
coding is transforming industries with its rapid advancements. Everyone's watching closely. #Programming #Coding,2918,392,Viral,2
Minimalism isn't just a trend‚Äîit's a mindset shift. #Lifestyle,18,68,Non-Viral,1
An insightful read on crypto and how it's influencing major shifts worldwide. #Crypto #Bitcoin,1744,1311,Viral,2
Booked a trip to Iceland! Can‚Äôt wait to see the Northern Lights ‚ùÑÔ∏è,50,42,Non-Viral,0
Breaking developments in space are changing everything. Here's why it matters. #Space,556,690,Viral,1
Can‚Äôt believe that call by the referee. Totally changed the match!,24,37,Non-Viral,0
I guess climate change might matter someday. Who knows. #Sustainability #GreenFuture,10,38,Non-Viral,2
"Had a long day, but still tried reading up on fitness. Not much progress. #Workout #Health #Fitness",80,18,Non-Viral,3
Can't believe how far healthcare has come in such a short time. The potential is huge. #MedicalInnovation #HealthTech,1509,868,Viral,2
New policies announced today could impact millions. Thoughts?,873,322,Viral,0
Elections coming up. Make sure you're registered to vote!,71,64,Non-Viral,0
Attended a session on space. Didn't get much from it though. #Space,123,25,Non-Viral,1
"Had a long day, but still tried reading up on crypto. Not much progress. #Bitcoin #Blockchain #Crypto",74,17,Non-Viral,3
"Trying to understand fitness, but it's kinda confusing. #Fitness #Workout #Health",11,37,Non-Viral,3
"Had a long day, but still tried reading up on AI. Not much progress. #AI #ArtificialIntelligence",16,0,Non-Viral,2
Startups are solving problems traditional firms overlooked.,53,19,Non-Viral,0
"Trying to understand healthcare, but it's kinda confusing. #MedicalInnovation",36,7,Non-Viral,1
Attended a session on mental health. Didn't get much from it though. #Wellbeing,12,5,Non-Viral,1
Can't stop thinking about the latest episode of that show üò≠üî•,983,870,Viral,0
Booked a trip to Iceland! Can‚Äôt wait to see the Northern Lights ‚ùÑÔ∏è,80,71,Non-Viral,0
Attended a session on healthcare. Didn't get much from it though. #HealthTech,78,4,Non-Viral,1
An insightful read on startups and how it's influencing major shifts worldwide. #Startup #Entrepreneur,591,948,Viral,2
Debate night! Who do you think made the strongest case?,43,35,Non-Viral,0
"Learning about AI. It's okay, I guess. #TechTrends",41,31,Non-Viral,1
"Learning about crypto. It's okay, I guess. #Crypto #Bitcoin",65,27,Non-Viral,2
That movie twist caught me off guard üò± #MustWatch,18,76,Non-Viral,1
That moment when the lecture finally makes sense üòÖ #StudentLife,664,1277,Viral,1
Traveling solo really opens your mind. #Wanderlust,8,67,Non-Viral,1
Award season is here! Who do you think deserves Best Actor?,13,7,Non-Viral,0
New policies announced today could impact millions. Thoughts?,66,53,Non-Viral,0
Can't believe how far fitness has come in such a short time. The potential is huge. #Workout #Health #Fitness,585,630,Viral,3
Attended a session on crypto. Didn't get much from it though. #Blockchain,71,10,Non-Viral,1
Discovered this new ramen place‚Äîlife changing üçú,13,27,Non-Viral,0
Breaking developments in climate change are changing everything. Here's why it matters. #ClimateChange,1771,1250,Viral,1
Spending the weekend learning about education. Wish me luck. #EdTech #Learning,73,36,Non-Viral,2
Debate night! Who do you think made the strongest case?,39,61,Non-Viral,0
Award season is here! Who do you think deserves Best Actor?,97,24,Non-Viral,0
Not sure why crypto trends all the time. I don't see what the hype is about. #Blockchain,64,4,Non-Viral,1
I guess education might matter someday. Who knows. #Education #Learning #EdTech,46,29,Non-Viral,3
Just posted my first blog on space. Hope someone reads it. #Exploration #NASA,38,27,Non-Viral,2
Can't believe how far education has come in such a short time. The potential is huge. #Education #EdTech #Learning,1238,1136,Viral,3
Can't stop thinking about the latest episode of that show üò≠üî•,32,26,Non-Viral,0
startups is transforming industries with its rapid advancements. Everyone's watching closely. #Entrepreneur,920,1591,Viral,1
Online learning has totally changed how I view education.,78,13,Non-Viral,0
Debate night! Who do you think made the strongest case?,508,463,Viral,0
I guess climate change might matter someday. Who knows. #Sustainability,65,39,Non-Viral,1
Debate night! Who do you think made the strongest case?,662,857,Viral,0
startups is the talk of the tech world right now. It's fascinating to see it unfold. #Entrepreneur #Innovation,731,1654,Viral,2
Booked a trip to Iceland! Can‚Äôt wait to see the Northern Lights ‚ùÑÔ∏è,630,863,Viral,0
I guess coding might matter someday. Who knows. #Coding #Programming,90,39,Non-Viral,2
Just posted my first blog on coding. Hope someone reads it. #DevLife,27,0,Non-Viral,1
Discovered this new ramen place‚Äîlife changing üçú,530,1005,Viral,0
Thrift shopping finds >>> Fast fashion,33,64,Non-Viral,0
Market is wild today. Tech stocks are crashing üìâ,35,25,Non-Viral,0
Startups are solving problems traditional firms overlooked.,758,779,Viral,0
"Trying to understand healthcare, but it's kinda confusing. #MedicalInnovation",11,13,Non-Viral,1
An insightful read on startups and how it's influencing major shifts worldwide. #Innovation #Entrepreneur,1467,654,Viral,2
climate change is the talk of the tech world right now. It's fascinating to see it unfold. #ClimateChange #Sustainability,1680,1876,Viral,2
fitness is important... or so they say. Still figuring it out. #Workout #Fitness #Health,75,31,Non-Viral,3
Can't believe how far AI has come in such a short time. The potential is huge. #AI #ArtificialIntelligence #TechTrends,687,797,Viral,3
Just posted my first blog on startups. Hope someone reads it. #Startup #Entrepreneur,62,1,Non-Viral,2
space is the talk of the tech world right now. It's fascinating to see it unfold. #Exploration #NASA #Space,2208,667,Viral,3
Market is wild today. Tech stocks are crashing üìâ,43,4,Non-Viral,0
healthcare is the talk of the tech world right now. It's fascinating to see it unfold. #Healthcare #MedicalInnovation #HealthTech,1203,1844,Viral,3
mental health is the talk of the tech world right now. It's fascinating to see it unfold. #MentalHealth #SelfCare #Wellbeing,2444,1375,Viral,3
Just posted my first blog on mental health. Hope someone reads it. #SelfCare #Wellbeing,47,20,Non-Viral,2
Not sure why climate change trends all the time. I don't see what the hype is about. #ClimateChange,133,7,Non-Viral,1
space is transforming industries with its rapid advancements. Everyone's watching closely. #Exploration #NASA,655,1463,Viral,2
Startups are solving problems traditional firms overlooked.,1137,1263,Viral,0
An insightful read on mental health and how it's influencing major shifts worldwide. #SelfCare,1668,673,Viral,1
Not sure why education trends all the time. I don't see what the hype is about. #Learning #Education #EdTech,91,17,Non-Viral,3
Breaking developments in education are changing everything. Here's why it matters. #Education #Learning,1167,1095,Viral,2
"Trying to understand AI, but it's kinda confusing. #TechTrends #AI",80,36,Non-Viral,2
fitness is transforming industries with its rapid advancements. Everyone's watching closely. #Workout,1904,472,Viral,1
crypto is transforming industries with its rapid advancements. Everyone's watching closely. #Blockchain #Bitcoin #Crypto,1475,1528,Viral,3
"Learning about climate change. It's okay, I guess. #GreenFuture",80,26,Non-Viral,1
Minimalism isn't just a trend‚Äîit's a mindset shift. #Lifestyle,12,5,Non-Viral,1
Just posted my first blog on space. Hope someone reads it. #Space #NASA #Exploration,66,7,Non-Viral,3
"Had a long day, but still tried reading up on healthcare. Not much progress. #HealthTech #Healthcare #MedicalInnovation",95,17,Non-Viral,3
Can‚Äôt believe that call by the referee. Totally changed the match!,1632,608,Viral,0
Layering is key this fall üçÇ #FashionTips,73,20,Non-Viral,1
Vintage is the new modern. Love this 90s aesthetic!,1028,842,Viral,0
That moment when the lecture finally makes sense üòÖ #StudentLife,80,43,Non-Viral,1
healthcare is transforming industries with its rapid advancements. Everyone's watching closely. #Healthcare #HealthTech,2628,578,Viral,2
Just posted my first blog on AI. Hope someone reads it. #AI #ArtificialIntelligence,59,24,Non-Viral,2
What a game last night! Unreal performance by the underdogs!,60,30,Non-Viral,0
My thoughts on coding are probably not that popular. Still sharing them. #Coding #DevLife,150,4,Non-Viral,2
Started journaling and it's honestly therapeutic.,64,12,Non-Viral,0
My thoughts on education are probably not that popular. Still sharing them. #Education #Learning,74,36,Non-Viral,2
"Learning about AI. It's okay, I guess. #AI #TechTrends",64,33,Non-Viral,2
"Had a long day, but still tried reading up on fitness. Not much progress. #Health",148,31,Non-Viral,1
Food trucks are underrated. That grilled cheese tho üëå,65,72,Non-Viral,0
Award season is here! Who do you think deserves Best Actor?,1537,1488,Viral,0
Not sure why healthcare trends all the time. I don't see what the hype is about. #Healthcare #MedicalInnovation #HealthTech,47,34,Non-Viral,3
Online learning has totally changed how I view education.,971,1171,Viral,0
fitness is the talk of the tech world right now. It's fascinating to see it unfold. #Workout #Health #Fitness,2933,1647,Viral,3
fitness is transforming industries with its rapid advancements. Everyone's watching closely. #Health #Workout #Fitness,2262,543,Viral,3
Food trucks are underrated. That grilled cheese tho üëå,92,2,Non-Viral,0
Can't believe how far healthcare has come in such a short time. The potential is huge. #MedicalInnovation #HealthTech,1490,1803,Viral,2
coding is the talk of the tech world right now. It's fascinating to see it unfold. #Coding #Programming,2371,1529,Viral,2
Elections coming up. Make sure you're registered to vote!,67,41,Non-Viral,0
Attended a session on fitness. Didn't get much from it though. #Fitness,81,27,Non-Viral,1
Why don't schools teach personal finance? ü§∑‚Äç‚ôÇÔ∏è,94,67,Non-Viral,0
Attended a session on mental health. Didn't get much from it though. #Wellbeing #SelfCare,121,6,Non-Viral,2
Not sure why crypto trends all the time. I don't see what the hype is about. #Bitcoin #Blockchain #Crypto,38,19,Non-Viral,3
Minimalism isn't just a trend‚Äîit's a mindset shift. #Lifestyle,50,30,Non-Viral,1
Another unicorn startup raised millions. Insane growth!,92,24,Non-Viral,0
An insightful read on mental health and how it's influencing major shifts worldwide. #SelfCare,1440,477,Viral,1
Startups are solving problems traditional firms overlooked.,519,521,Viral,0
education is important... or so they say. Still figuring it out. #Education #EdTech,64,27,Non-Viral,2
Award season is here! Who do you think deserves Best Actor?,86,11,Non-Viral,0
My thoughts on healthcare are probably not that popular. Still sharing them. #MedicalInnovation,116,29,Non-Viral,1
Vintage is the new modern. Love this 90s aesthetic!,1629,1447,Viral,0
education is transforming industries with its rapid advancements. Everyone's watching closely. #Learning,1100,1653,Viral,1
Can't believe how far space has come in such a short time. The potential is huge. #Exploration,2287,537,Viral,1
Booked a trip to Iceland! Can‚Äôt wait to see the Northern Lights ‚ùÑÔ∏è,1537,566,Viral,0
Just posted my first blog on coding. Hope someone reads it. #Programming,150,32,Non-Viral,1
Elections coming up. Make sure you're registered to vote!,1539,1308,Viral,0
Breaking developments in healthcare are changing everything. Here's why it matters. #HealthTech #MedicalInnovation,1051,360,Viral,2
Homemade sourdough hits different üî• #Baking,5,21,Non-Viral,1
Why don't schools teach personal finance? ü§∑‚Äç‚ôÇÔ∏è,738,1434,Viral,0
climate change is the talk of the tech world right now. It's fascinating to see it unfold. #ClimateChange #Sustainability,1313,472,Viral,2
Breaking developments in AI are changing everything. Here's why it matters. #TechTrends #ArtificialIntelligence #AI,1968,905,Viral,3
fitness is transforming industries with its rapid advancements. Everyone's watching closely. #Fitness #Workout,1931,491,Viral,2
startups is important... or so they say. Still figuring it out. #Innovation,119,22,Non-Viral,1
Started journaling and it's honestly therapeutic.,865,695,Viral,0
Market is wild today. Tech stocks are crashing üìâ,741,409,Viral,0
Just posted my first blog on startups. Hope someone reads it. #Entrepreneur,129,7,Non-Viral,1
Award season is here! Who do you think deserves Best Actor?,30,28,Non-Viral,0
crypto is transforming industries with its rapid advancements. Everyone's watching closely. #Blockchain,778,324,Viral,1
coding is the talk of the tech world right now. It's fascinating to see it unfold. #Programming,2669,1608,Viral,1
This season is full of surprises. My team finally won üôå‚öΩ,1494,468,Viral,0
fitness is transforming industries with its rapid advancements. Everyone's watching closely. #Fitness #Workout #Health,2536,1518,Viral,3
Another unicorn startup raised millions. Insane growth!,1267,804,Viral,0
"Trying to understand healthcare, but it's kinda confusing. #MedicalInnovation #HealthTech #Healthcare",80,31,Non-Viral,3
My thoughts on healthcare are probably not that popular. Still sharing them. #HealthTech #MedicalInnovation #Healthcare,85,12,Non-Viral,3
healthcare is the talk of the tech world right now. It's fascinating to see it unfold. #MedicalInnovation #Healthcare #HealthTech,1477,1405,Viral,3
Elections coming up. Make sure you're registered to vote!,42,9,Non-Viral,0
Breaking developments in education are changing everything. Here's why it matters. #Learning #EdTech #Education,1701,1780,Viral,3
Attended a session on startups. Didn't get much from it though. #Startup #Innovation #Entrepreneur,53,35,Non-Viral,3
"Learning about crypto. It's okay, I guess. #Bitcoin #Crypto #Blockchain",44,16,Non-Viral,3
Homemade sourdough hits different üî• #Baking,990,646,Viral,1
Vintage is the new modern. Love this 90s aesthetic!,720,1155,Viral,0
Vintage is the new modern. Love this 90s aesthetic!,641,873,Viral,0
startups is transforming industries with its rapid advancements. Everyone's watching closely. #Innovation #Entrepreneur #Startup,2781,420,Viral,3
That moment when the lecture finally makes sense üòÖ #StudentLife,1905,421,Viral,1
Can't stop thinking about the latest episode of that show üò≠üî•,1032,389,Viral,0
Award season is here! Who do you think deserves Best Actor?,1230,468,Viral,0
Can't believe how far fitness has come in such a short time. The potential is huge. #Workout,717,686,Viral,1
My thoughts on education are probably not that popular. Still sharing them. #Learning #Education,84,39,Non-Viral,2
Layering is key this fall üçÇ #FashionTips,87,27,Non-Viral,1
Started journaling and it's honestly therapeutic.,99,23,Non-Viral,0
Award season is here! Who do you think deserves Best Actor?,1961,1007,Viral,0
What a game last night! Unreal performance by the underdogs!,75,61,Non-Viral,0
Not sure why startups trends all the time. I don't see what the hype is about. #Startup,14,38,Non-Viral,1
Can't believe how far AI has come in such a short time. The potential is huge. #TechTrends #AI #ArtificialIntelligence,1312,836,Viral,3
"Trying to understand fitness, but it's kinda confusing. #Health #Workout #Fitness",45,17,Non-Viral,3
Thrift shopping finds >>> Fast fashion,876,1434,Viral,0
Another unicorn startup raised millions. Insane growth!,75,79,Non-Viral,0
Another unicorn startup raised millions. Insane growth!,38,66,Non-Viral,0
Can't stop thinking about the latest episode of that show üò≠üî•,1131,485,Viral,0
education is transforming industries with its rapid advancements. Everyone's watching closely. #EdTech #Learning #Education,597,1568,Viral,3
Not sure why coding trends all the time. I don't see what the hype is about. #Programming,45,40,Non-Viral,1
Can't believe how far AI has come in such a short time. The potential is huge. #ArtificialIntelligence,1054,1031,Viral,1
An insightful read on healthcare and how it's influencing major shifts worldwide. #MedicalInnovation #HealthTech,633,907,Viral,2
Not sure why healthcare trends all the time. I don't see what the hype is about. #MedicalInnovation #HealthTech #Healthcare,123,20,Non-Viral,3
Can‚Äôt believe that call by the referee. Totally changed the match!,1918,1204,Viral,0
Just posted my first blog on startups. Hope someone reads it. #Entrepreneur #Startup #Innovation,126,7,Non-Viral,3
Breaking developments in crypto are changing everything. Here's why it matters. #Bitcoin,1761,1131,Viral,1
Why don't schools teach personal finance? ü§∑‚Äç‚ôÇÔ∏è,42,55,Non-Viral,0
This season is full of surprises. My team finally won üôå‚öΩ,85,59,Non-Viral,0
Not sure why education trends all the time. I don't see what the hype is about. #Education #Learning,20,17,Non-Viral,2
Debate night! Who do you think made the strongest case?,1110,389,Viral,0
Award season is here! Who do you think deserves Best Actor?,74,53,Non-Viral,0
Layering is key this fall üçÇ #FashionTips,93,22,Non-Viral,1
climate change is transforming industries with its rapid advancements. Everyone's watching closely. #GreenFuture #ClimateChange #Sustainability,2145,1564,Viral,3
Why don't schools teach personal finance? ü§∑‚Äç‚ôÇÔ∏è,76,21,Non-Viral,0
Miss those spontaneous road trips with friends.,659,753,Viral,0
Can't believe how far startups has come in such a short time. The potential is huge. #Startup #Entrepreneur,2853,307,Viral,2
That movie twist caught me off guard üò± #MustWatch,96,38,Non-Viral,1
My thoughts on crypto are probably not that popular. Still sharing them. #Blockchain #Crypto,105,12,Non-Viral,2
Discovered this new ramen place‚Äîlife changing üçú,1651,744,Viral,0
Can't stop thinking about the latest episode of that show üò≠üî•,64,58,Non-Viral,0
Trying meditation daily now. Mental clarity is a game changer üßò,1647,762,Viral,0
startups is important... or so they say. Still figuring it out. #Entrepreneur,142,13,Non-Viral,1
Breaking developments in climate change are changing everything. Here's why it matters. #Sustainability #ClimateChange #GreenFuture,1027,1721,Viral,3
Spending the weekend learning about fitness. Wish me luck. #Workout #Fitness,141,34,Non-Viral,2
space is the talk of the tech world right now. It's fascinating to see it unfold. #Space,1196,1461,Viral,1
Food trucks are underrated. That grilled cheese tho üëå,1835,1251,Viral,0
Can't believe how far startups has come in such a short time. The potential is huge. #Startup,2896,1292,Viral,1
Not sure why mental health trends all the time. I don't see what the hype is about. #MentalHealth #Wellbeing,48,36,Non-Viral,2
Can't believe how far crypto has come in such a short time. The potential is huge. #Bitcoin #Crypto #Blockchain,1997,1253,Viral,3
Spending the weekend learning about space. Wish me luck. #Space #Exploration #NASA,50,11,Non-Viral,3
"Had a long day, but still tried reading up on crypto. Not much progress. #Blockchain #Crypto #Bitcoin",120,30,Non-Viral,3
crypto is transforming industries with its rapid advancements. Everyone's watching closely. #Bitcoin #Blockchain #Crypto,2027,1007,Viral,3
Breaking developments in education are changing everything. Here's why it matters. #Learning #Education #EdTech,592,471,Viral,3
Minimalism isn't just a trend‚Äîit's a mindset shift. #Lifestyle,767,726,Viral,1
Breaking developments in climate change are changing everything. Here's why it matters. #ClimateChange,1624,1200,Viral,1
Spending the weekend learning about startups. Wish me luck. #Innovation #Startup,141,23,Non-Viral,2
I guess AI might matter someday. Who knows. #ArtificialIntelligence,121,10,Non-Viral,1
Discovered this new ramen place‚Äîlife changing üçú,1004,1371,Viral,0
Can't believe how far AI has come in such a short time. The potential is huge. #ArtificialIntelligence #AI #TechTrends,837,559,Viral,3
Another unicorn startup raised millions. Insane growth!,1468,920,Viral,0
An insightful read on mental health and how it's influencing major shifts worldwide. #Wellbeing #SelfCare #MentalHealth,1140,1337,Viral,3
Spending the weekend learning about mental health. Wish me luck. #SelfCare,65,32,Non-Viral,1
New policies announced today could impact millions. Thoughts?,1538,1100,Viral,0
Debate night! Who do you think made the strongest case?,1080,860,Viral,0
That moment when the lecture finally makes sense üòÖ #StudentLife,92,49,Non-Viral,1
Food trucks are underrated. That grilled cheese tho üëå,859,869,Viral,0
An insightful read on climate change and how it's influencing major shifts worldwide. #GreenFuture,1745,1788,Viral,1
climate change is important... or so they say. Still figuring it out. #GreenFuture #Sustainability #ClimateChange,127,2,Non-Viral,3
Food trucks are underrated. That grilled cheese tho üëå,1192,783,Viral,0
Can't believe how far education has come in such a short time. The potential is huge. #EdTech,996,1461,Viral,1
crypto is important... or so they say. Still figuring it out. #Blockchain,59,32,Non-Viral,1
Why don't schools teach personal finance? ü§∑‚Äç‚ôÇÔ∏è,1109,627,Viral,0
Breaking developments in crypto are changing everything. Here's why it matters. #Bitcoin #Blockchain,1261,1169,Viral,2
An insightful read on education and how it's influencing major shifts worldwide. #EdTech #Education,1760,1323,Viral,2
That moment when the lecture finally makes sense üòÖ #StudentLife,18,77,Non-Viral,1
"Had a long day, but still tried reading up on mental health. Not much progress. #Wellbeing #SelfCare #MentalHealth",52,13,Non-Viral,3
An insightful read on fitness and how it's influencing major shifts worldwide. #Fitness #Workout #Health,1281,476,Viral,3
My thoughts on fitness are probably not that popular. Still sharing them. #Fitness #Health #Workout,26,7,Non-Viral,3
Can't believe how far climate change has come in such a short time. The potential is huge. #Sustainability #GreenFuture,1658,839,Viral,2
startups is the talk of the tech world right now. It's fascinating to see it unfold. #Startup #Innovation,1373,1865,Viral,2
Elections coming up. Make sure you're registered to vote!,70,14,Non-Viral,0
Miss those spontaneous road trips with friends.,1241,791,Viral,0
Can't believe how far climate change has come in such a short time. The potential is huge. #GreenFuture,2486,1265,Viral,1
Can't believe how far coding has come in such a short time. The potential is huge. #DevLife #Programming,612,1860,Viral,2
Just posted my first blog on crypto. Hope someone reads it. #Bitcoin #Blockchain #Crypto,22,34,Non-Viral,3
Not sure why AI trends all the time. I don't see what the hype is about. #AI,77,26,Non-Viral,1
Homemade sourdough hits different üî• #Baking,1685,941,Viral,1
Attended a session on mental health. Didn't get much from it though. #MentalHealth,102,18,Non-Viral,1
Homemade sourdough hits different üî• #Baking,844,813,Viral,1
That movie twist caught me off guard üò± #MustWatch,19,32,Non-Viral,1
Spending the weekend learning about startups. Wish me luck. #Innovation #Entrepreneur,46,39,Non-Viral,2
Just posted my first blog on crypto. Hope someone reads it. #Bitcoin #Blockchain,19,40,Non-Viral,2
Breaking developments in space are changing everything. Here's why it matters. #NASA,580,1402,Viral,1
Homemade sourdough hits different üî• #Baking,50,74,Non-Viral,1
Just posted my first blog on climate change. Hope someone reads it. #GreenFuture #Sustainability,119,12,Non-Viral,2
New policies announced today could impact millions. Thoughts?,1541,515,Viral,0
fitness is transforming industries with its rapid advancements. Everyone's watching closely. #Workout #Health #Fitness,2663,338,Viral,3
"Learning about startups. It's okay, I guess. #Entrepreneur #Innovation",77,22,Non-Viral,2
Market is wild today. Tech stocks are crashing üìâ,1490,576,Viral,0
Attended a session on climate change. Didn't get much from it though. #ClimateChange,14,30,Non-Viral,1
AI is the talk of the tech world right now. It's fascinating to see it unfold. #TechTrends #AI #ArtificialIntelligence,2763,1087,Viral,3
Minimalism isn't just a trend‚Äîit's a mindset shift. #Lifestyle,35,59,Non-Viral,1
Can't believe how far AI has come in such a short time. The potential is huge. #TechTrends #AI,2675,1107,Viral,2
climate change is the talk of the tech world right now. It's fascinating to see it unfold. #Sustainability #ClimateChange #GreenFuture,2828,397,Viral,3
"Trying to understand healthcare, but it's kinda confusing. #Healthcare #MedicalInnovation",110,12,Non-Viral,2
Trying meditation daily now. Mental clarity is a game changer üßò,1080,341,Viral,0
Can't believe how far AI has come in such a short time. The potential is huge. #AI #ArtificialIntelligence,2191,981,Viral,2
Minimalism isn't just a trend‚Äîit's a mindset shift. #Lifestyle,1232,574,Viral,1
Award season is here! Who do you think deserves Best Actor?,956,1217,Viral,0
Debate night! Who do you think made the strongest case?,97,37,Non-Viral,0
"Trying to understand healthcare, but it's kinda confusing. #HealthTech #MedicalInnovation",113,13,Non-Viral,2
"Learning about healthcare. It's okay, I guess. #MedicalInnovation #Healthcare",106,7,Non-Viral,2
Started journaling and it's honestly therapeutic.,888,1199,Viral,0
That movie twist caught me off guard üò± #MustWatch,1884,1496,Viral,1
fitness is important... or so they say. Still figuring it out. #Health #Fitness #Workout,41,33,Non-Viral,3
Can't believe how far fitness has come in such a short time. The potential is huge. #Workout #Health,1958,1274,Viral,2
crypto is the talk of the tech world right now. It's fascinating to see it unfold. #Blockchain,997,351,Viral,1
Market is wild today. Tech stocks are crashing üìâ,1519,388,Viral,0
Spending the weekend learning about space. Wish me luck. #NASA #Space,81,9,Non-Viral,2
Layering is key this fall üçÇ #FashionTips,71,21,Non-Viral,1
climate change is the talk of the tech world right now. It's fascinating to see it unfold. #Sustainability,2755,660,Viral,1
Award season is here! Who do you think deserves Best Actor?,1419,1302,Viral,0
Another unicorn startup raised millions. Insane growth!,1403,611,Viral,0
Can't believe how far startups has come in such a short time. The potential is huge. #Startup,1719,942,Viral,1
Breaking developments in startups are changing everything. Here's why it matters. #Startup #Entrepreneur,1968,852,Viral,2
An insightful read on climate change and how it's influencing major shifts worldwide. #GreenFuture,1562,1679,Viral,1
Spending the weekend learning about healthcare. Wish me luck. #Healthcare #HealthTech #MedicalInnovation,20,5,Non-Viral,3
Just posted my first blog on climate change. Hope someone reads it. #ClimateChange #GreenFuture #Sustainability,122,4,Non-Viral,3
Another unicorn startup raised millions. Insane growth!,11,72,Non-Viral,0
Can't believe how far fitness has come in such a short time. The potential is huge. #Health #Fitness,2097,1271,Viral,2
Startups are solving problems traditional firms overlooked.,9,65,Non-Viral,0
Can't believe how far AI has come in such a short time. The potential is huge. #TechTrends #AI,2359,1349,Viral,2
Minimalism isn't just a trend‚Äîit's a mindset shift. #Lifestyle,505,843,Viral,1
Started journaling and it's honestly therapeutic.,7,34,Non-Viral,0
"Learning about startups. It's okay, I guess. #Entrepreneur #Innovation",129,25,Non-Viral,2
Spending the weekend learning about mental health. Wish me luck. #SelfCare #MentalHealth,135,27,Non-Viral,2
Can't believe how far climate change has come in such a short time. The potential is huge. #Sustainability,2213,650,Viral,1
Breaking developments in crypto are changing everything. Here's why it matters. #Bitcoin #Blockchain,867,949,Viral,2
Food trucks are underrated. That grilled cheese tho üëå,21,42,Non-Viral,0
Food trucks are underrated. That grilled cheese tho üëå,1540,663,Viral,0
I guess startups might matter someday. Who knows. #Startup,134,4,Non-Viral,1
Vintage is the new modern. Love this 90s aesthetic!,82,62,Non-Viral,0
"Had a long day, but still tried reading up on AI. Not much progress. #AI #ArtificialIntelligence",150,8,Non-Viral,2
Spending the weekend learning about climate change. Wish me luck. #Sustainability #ClimateChange #GreenFuture,71,6,Non-Viral,3
"Had a long day, but still tried reading up on education. Not much progress. #EdTech #Education",19,38,Non-Viral,2
startups is the talk of the tech world right now. It's fascinating to see it unfold. #Innovation,2766,637,Viral,1
Can't stop thinking about the latest episode of that show üò≠üî•,93,61,Non-Viral,0
startups is the talk of the tech world right now. It's fascinating to see it unfold. #Entrepreneur #Startup,1014,575,Viral,2
"Trying to understand climate change, but it's kinda confusing. #ClimateChange #Sustainability #GreenFuture",38,5,Non-Viral,3
I guess space might matter someday. Who knows. #NASA #Space #Exploration,114,12,Non-Viral,3
New policies announced today could impact millions. Thoughts?,8,36,Non-Viral,0
"Had a long day, but still tried reading up on climate change. Not much progress. #Sustainability",112,40,Non-Viral,1
Thrift shopping finds >>> Fast fashion,91,9,Non-Viral,0
I guess startups might matter someday. Who knows. #Startup #Entrepreneur,50,28,Non-Viral,2
crypto is the talk of the tech world right now. It's fascinating to see it unfold. #Bitcoin #Blockchain #Crypto,2849,1665,Viral,3
Can't believe how far space has come in such a short time. The potential is huge. #Exploration #NASA #Space,2019,570,Viral,3
"Had a long day, but still tried reading up on startups. Not much progress. #Startup #Entrepreneur",44,0,Non-Viral,2
Breaking developments in space are changing everything. Here's why it matters. #NASA #Exploration #Space,1498,1422,Viral,3
Just posted my first blog on space. Hope someone reads it. #Space #Exploration #NASA,53,19,Non-Viral,3
An insightful read on AI and how it's influencing major shifts worldwide. #AI,1526,1891,Viral,1
Breaking developments in fitness are changing everything. Here's why it matters. #Fitness,1280,1965,Viral,1
Not sure why AI trends all the time. I don't see what the hype is about. #ArtificialIntelligence #TechTrends,101,39,Non-Viral,2
Thrift shopping finds >>> Fast fashion,736,1473,Viral,0
Spending the weekend learning about startups. Wish me luck. #Entrepreneur #Innovation #Startup,30,13,Non-Viral,3
Why don't schools teach personal finance? ü§∑‚Äç‚ôÇÔ∏è,1907,1184,Viral,0
Another unicorn startup raised millions. Insane growth!,1085,807,Viral,0
space is transforming industries with its rapid advancements. Everyone's watching closely. #Exploration #NASA,1271,1237,Viral,2
"Learning about healthcare. It's okay, I guess. #Healthcare #MedicalInnovation #HealthTech",50,24,Non-Viral,3
Breaking developments in coding are changing everything. Here's why it matters. #DevLife #Programming,1726,1044,Viral,2
"Learning about climate change. It's okay, I guess. #ClimateChange",83,6,Non-Viral,1
Can't believe how far startups has come in such a short time. The potential is huge. #Startup #Innovation #Entrepreneur,2266,387,Viral,3
Layering is key this fall üçÇ #FashionTips,629,690,Viral,1
Not sure why coding trends all the time. I don't see what the hype is about. #Programming,138,21,Non-Viral,1
Award season is here! Who do you think deserves Best Actor?,7,18,Non-Viral,0
startups is the talk of the tech world right now. It's fascinating to see it unfold. #Entrepreneur,1732,484,Viral,1
Trying meditation daily now. Mental clarity is a game changer üßò,789,1062,Viral,0
"Had a long day, but still tried reading up on climate change. Not much progress. #ClimateChange #Sustainability #GreenFuture",147,4,Non-Viral,3
AI is important... or so they say. Still figuring it out. #ArtificialIntelligence #AI #TechTrends,85,38,Non-Viral,3
An insightful read on education and how it's influencing major shifts worldwide. #Learning #Education #EdTech,2649,471,Viral,3
An insightful read on mental health and how it's influencing major shifts worldwide. #Wellbeing #MentalHealth #SelfCare,894,1856,Viral,3
Elections coming up. Make sure you're registered to vote!,1395,1062,Viral,0
"Trying to understand climate change, but it's kinda confusing. #GreenFuture #ClimateChange #Sustainability",34,2,Non-Viral,3
healthcare is transforming industries with its rapid advancements. Everyone's watching closely. #Healthcare #HealthTech,2114,1065,Viral,2
mental health is the talk of the tech world right now. It's fascinating to see it unfold. #MentalHealth #Wellbeing,1263,1189,Viral,2
An insightful read on AI and how it's influencing major shifts worldwide. #AI #TechTrends,2377,1688,Viral,2
What a game last night! Unreal performance by the underdogs!,36,72,Non-Viral,0
"Had a long day, but still tried reading up on mental health. Not much progress. #Wellbeing",49,35,Non-Viral,1
Just posted my first blog on climate change. Hope someone reads it. #ClimateChange #Sustainability #GreenFuture,65,28,Non-Viral,3
Market is wild today. Tech stocks are crashing üìâ,11,4,Non-Viral,0
Breaking developments in education are changing everything. Here's why it matters. #EdTech #Learning #Education,1834,771,Viral,3
Breaking developments in startups are changing everything. Here's why it matters. #Startup,2203,1233,Viral,1
Not sure why climate change trends all the time. I don't see what the hype is about. #Sustainability,114,38,Non-Viral,1
Food trucks are underrated. That grilled cheese tho üëå,89,22,Non-Viral,0
Can't believe how far mental health has come in such a short time. The potential is huge. #SelfCare #Wellbeing,2163,1081,Viral,2
My thoughts on coding are probably not that popular. Still sharing them. #Programming #Coding,63,26,Non-Viral,2
crypto is important... or so they say. Still figuring it out. #Crypto,140,6,Non-Viral,1
Spending the weekend learning about startups. Wish me luck. #Entrepreneur #Startup #Innovation,76,0,Non-Viral,3
Online learning has totally changed how I view education.,727,1317,Viral,0
Just posted my first blog on space. Hope someone reads it. #Space #NASA,10,7,Non-Viral,2
crypto is the talk of the tech world right now. It's fascinating to see it unfold. #Bitcoin,2220,1209,Viral,1
"Trying to understand fitness, but it's kinda confusing. #Fitness #Health #Workout",26,35,Non-Viral,3
Just posted my first blog on startups. Hope someone reads it. #Entrepreneur #Startup,111,8,Non-Viral,2
This season is full of surprises. My team finally won üôå‚öΩ,1958,883,Viral,0
What a game last night! Unreal performance by the underdogs!,1876,699,Viral,0
Attended a session on fitness. Didn't get much from it though. #Health,5,2,Non-Viral,1
Startups are solving problems traditional firms overlooked.,1990,391,Viral,0
Award season is here! Who do you think deserves Best Actor?,1227,1465,Viral,0
coding is the talk of the tech world right now. It's fascinating to see it unfold. #Coding #DevLife,755,1083,Viral,2
Debate night! Who do you think made the strongest case?,38,52,Non-Viral,0
Breaking developments in coding are changing everything. Here's why it matters. #Programming #DevLife,919,746,Viral,2
New policies announced today could impact millions. Thoughts?,23,2,Non-Viral,0
Traveling solo really opens your mind. #Wanderlust,95,36,Non-Viral,1
An insightful read on space and how it's influencing major shifts worldwide. #Exploration #Space,2998,481,Viral,2
Can't believe how far startups has come in such a short time. The potential is huge. #Startup #Innovation,1593,1986,Viral,2
Booked a trip to Iceland! Can‚Äôt wait to see the Northern Lights ‚ùÑÔ∏è,97,78,Non-Viral,0
Started journaling and it's honestly therapeutic.,10,21,Non-Viral,0
Online learning has totally changed how I view education.,9,18,Non-Viral,0
